
{
    "SEEDC": 2,
    "SEED" : 1,
    "BUFFER_SIZE": 1000000, 
    "BATCH_SIZE": 512,
    "GAMMA": 0.99917,
    "TAU": 0.0013,
    "LR_CRITIC": 0.0001,
    "LR_ACTOR": 0.0001,
    "MU":0,
    "THETA": 0.17,
    "SIGMA" : 1.0,
    "EXPLORE" :0.59953
    
     
       
}