
{
    "SEED" : 1,
    "BUFFER_SIZE": 5000000, 
    "BATCH_SIZE": 512,
    "TAU": 0.00000013,
    "LR_CRITIC": 0.0000000005,
    "LR_ACTOR": 0.00000000001,
    "GAMMA": 0.997,
    "THETA": 0.17,
    "SIGMA" : 0.91,
    "EXPLORE" :0.979,
    
    "noise": {
        "sigma": 0.24,
        "mu": 0.0,
        "theta": 0.15
    }    
       
}