
{
    "SEEDC": 5,
    "SEED" : 1,
    "BUFFER_SIZE": 100000, 
    "BATCH_SIZE": 512,
    "GAMMA": 0.998789,
    "TAU": 0.0013,
    "LR_CRITIC": 0.00025,
    "LR_ACTOR": 0.0001,
    "MU":0,
    "THETA": 0.193,
    "SIGMA" : 0.29,
    "EXPLORE" :0.09024
    
     
       
}